<?xml version="1.0" encoding="UTF-8"?>
<project-private xmlns="http://www.netbeans.org/ns/project-private/1">
    <editor-bookmarks xmlns="http://www.netbeans.org/ns/editor-bookmarks/2" lastBookmarkId="0"/>
    <open-files xmlns="http://www.netbeans.org/ns/projectui-open-files/2">
        <group>
            <file>file:/C:/Users/olive/Documents/GitHub/oliver-long-further-software-stuff/GradeCalcProject2/test/com/mycompany/gradecalcproject2/GradeCalcTest.java</file>
            <file>file:/C:/Users/olive/Documents/GitHub/oliver-long-further-software-stuff/GradeCalcProject2/src/com/mycompany/gradecalcproject2/GradeCalc.java</file>
            <file>file:/C:/Users/olive/Documents/GitHub/oliver-long-further-software-stuff/GradeCalcProject2/src/com/mycompany/gradecalcproject2/GradeCalcProject2.java</file>
            <file>file:/C:/Users/olive/Documents/GitHub/oliver-long-further-software-stuff/GradeCalcProject2/src/com/mycompany/gradecalcproject2/GradeCalcGui.java</file>
        </group>
    </open-files>
</project-private>
