<?xml version="1.0" encoding="UTF-8"?>
<project-private xmlns="http://www.netbeans.org/ns/project-private/1">
    <editor-bookmarks xmlns="http://www.netbeans.org/ns/editor-bookmarks/2" lastBookmarkId="0"/>
    <open-files xmlns="http://www.netbeans.org/ns/projectui-open-files/2">
        <group>
            <file>file:/C:/Users/olive/Documents/GitHub/oliver-long-further-software-stuff/week_5/week_5/src/week_5/bankData.java</file>
            <file>file:/C:/Users/olive/Documents/GitHub/oliver-long-further-software-stuff/week_5/week_5/src/week_5/Week_5.java</file>
            <file>file:/C:/Users/olive/Documents/GitHub/oliver-long-further-software-stuff/week_5/week_5/src/week_5/bankMain.java</file>
        </group>
    </open-files>
</project-private>
