<?xml version="1.0" encoding="UTF-8"?>
<project-private xmlns="http://www.netbeans.org/ns/project-private/1">
    <editor-bookmarks xmlns="http://www.netbeans.org/ns/editor-bookmarks/2" lastBookmarkId="0"/>
    <open-files xmlns="http://www.netbeans.org/ns/projectui-open-files/2">
        <group>
            <file>file:/C:/Users/olive/Documents/GitHub/oliver-long-further-software-stuff/week_3/Task_one/src/week_3/Car.java</file>
            <file>file:/C:/Users/olive/Documents/GitHub/oliver-long-further-software-stuff/week_3/Task_one/src/week_3/Truck.java</file>
            <file>file:/C:/Users/olive/Documents/GitHub/oliver-long-further-software-stuff/week_3/Task_one/src/week_3/Animal.java</file>
            <file>file:/C:/Users/olive/Documents/GitHub/oliver-long-further-software-stuff/week_3/Task_one/src/week_3/Task_two.java</file>
            <file>file:/C:/Users/olive/Documents/GitHub/oliver-long-further-software-stuff/week_3/Task_one/src/week_3/Bird.java</file>
            <file>file:/C:/Users/olive/Documents/GitHub/oliver-long-further-software-stuff/week_3/Task_one/src/week_3/Vehicle.java</file>
            <file>file:/C:/Users/olive/Documents/GitHub/oliver-long-further-software-stuff/week_3/Task_one/src/week_3/Bike.java</file>
            <file>file:/C:/Users/olive/Documents/GitHub/oliver-long-further-software-stuff/week_3/Task_one/src/week_3/Dog.java</file>
            <file>file:/C:/Users/olive/Documents/GitHub/oliver-long-further-software-stuff/week_3/Task_one/src/week_3/Cat.java</file>
            <file>file:/C:/Users/olive/Documents/GitHub/oliver-long-further-software-stuff/week_3/Task_one/src/week_3/Task_one.java</file>
        </group>
    </open-files>
</project-private>
