<?xml version="1.0" encoding="UTF-8"?>
<project-private xmlns="http://www.netbeans.org/ns/project-private/1">
    <editor-bookmarks xmlns="http://www.netbeans.org/ns/editor-bookmarks/2" lastBookmarkId="0"/>
    <open-files xmlns="http://www.netbeans.org/ns/projectui-open-files/2">
        <group>
            <file>file:/C:/Users/olive/Documents/GitHub/oliver-long-further-software-stuff/New%20Folder/week_4/src/week_4/TaskThree.java</file>
            <file>file:/C:/Users/olive/Documents/GitHub/oliver-long-further-software-stuff/New%20Folder/week_4/src/week_4/bankVersionTwoMainClass.java</file>
            <file>file:/C:/Users/olive/Documents/GitHub/oliver-long-further-software-stuff/New%20Folder/week_4/src/week_4/bankInOneFile.java</file>
            <file>file:/C:/Users/olive/Documents/GitHub/oliver-long-further-software-stuff/New%20Folder/week_4/src/week_4/bankVersionThreeDataClass.java</file>
            <file>file:/C:/Users/olive/Documents/GitHub/oliver-long-further-software-stuff/New%20Folder/week_4/src/week_4/TaskOne.java</file>
            <file>file:/C:/Users/olive/Documents/GitHub/oliver-long-further-software-stuff/New%20Folder/week_4/src/week_4/bankVersionTwoDataClass.java</file>
            <file>file:/C:/Users/olive/Documents/GitHub/oliver-long-further-software-stuff/New%20Folder/week_4/src/week_4/TaskTwo.java</file>
            <file>file:/C:/Users/olive/Documents/GitHub/oliver-long-further-software-stuff/New%20Folder/week_4/src/week_4/bankVersionThreeMainClass.java</file>
        </group>
    </open-files>
</project-private>
