<?xml version="1.0" encoding="UTF-8"?>
<project-private xmlns="http://www.netbeans.org/ns/project-private/1">
    <editor-bookmarks xmlns="http://www.netbeans.org/ns/editor-bookmarks/2" lastBookmarkId="0"/>
    <open-files xmlns="http://www.netbeans.org/ns/projectui-open-files/2">
        <group>
            <file>file:/C:/Users/olive/Documents/GitHub/oliver-long-further-software-stuff/week_6/week_6/src/week_6/Week_6.java</file>
            <file>file:/C:/Users/olive/Documents/GitHub/oliver-long-further-software-stuff/week_6/week_6/test/week_6/validatePasswordTest.java</file>
            <file>file:/C:/Users/olive/Documents/GitHub/oliver-long-further-software-stuff/week_6/week_6/src/week_6/BankMain.java</file>
            <file>file:/C:/Users/olive/Documents/GitHub/oliver-long-further-software-stuff/week_6/week_6/src/week_6/validatePassword.java</file>
            <file>file:/C:/Users/olive/Documents/GitHub/oliver-long-further-software-stuff/week_6/week_6/build.xml</file>
            <file>file:/C:/Users/olive/Documents/GitHub/oliver-long-further-software-stuff/week_6/week_6/manifest.mf</file>
            <file>file:/C:/Users/olive/Documents/GitHub/oliver-long-further-software-stuff/week_6/week_6/src/week_6/BankAccount.java</file>
            <file>file:/C:/Users/olive/Documents/GitHub/oliver-long-further-software-stuff/week_6/week_6/src/week_6/Main.java</file>
        </group>
    </open-files>
</project-private>
